month,day,chapter,verse
01,01,창,1-3
01,02,창,4-6
01,03,창,7-9
01,04,창,10-13
01,05,창,14-17
01,06,창,18-20
01,07,창,21-23
01,08,창,24-25
01,09,창,26-27
01,10,창,28-30
01,11,창,31-32
01,12,창,33-36
01,13,창,37-39
01,14,창,40-42
01,15,창,43-45
01,16,창,46-48
01,17,창,49-50
01,18,출,1-3
01,19,출,4-6
01,20,출,7-9
01,21,출,10-12
01,22,출,13-15
01,23,출,16-18
01,24,출,19-21
01,25,출,22-24
01,26,출,25-26
01,27,출,27-29
01,28,출,30-32
01,29,출,33-35
01,30,출,36-38
01,31,출,39-40
02,01,레,1-4
02,02,레,5-7
02,03,레,8-10
02,04,레,11-13
02,05,레,14-15
02,06,레,16-18
02,07,레,19-21
02,08,레,22-24
02,09,레,25-27
02,10,민,1-3
02,11,민,4-6
02,12,민,7-9
02,13,민,10-12
02,14,민,13-15
02,15,민,16-18
02,16,민,19-21
02,17,민,22-24
02,18,민,25-27
02,19,민,28-30
02,20,민,31-33
02,21,민,34-36
02,22,신,1-2
02,23,신,3-4
02,24,신,5-6
02,25,신,7-9
02,26,신,10-12
02,27,신,13-15
02,28,신,16-18
02,29,없음,없음
02,30,없음,없음
02,31,없음,없음
03,01,신,19-21
03,02,신,22-24
03,03,신,25-27
03,04,신,28
03,05,신,29-31
03,06,신,32
03,07,신,33-34
03,08,수,1-4
03,09,수,5-7
03,10,수,8-9
03,11,수,10-11
03,12,수,12-14
03,13,수,15-17
03,14,수,18-20
03,15,수,21-22
03,16,수,23-24
03,17,삿,1-2
03,18,삿,3-4
03,19,삿,5-6
03,20,삿,7-8
03,21,삿,9-10
03,22,삿,11-13
03,23,삿,14-16
03,24,삿,17-19
03,25,삿,20-21
03,26,룻,1-4
03,27,삼상,1-2
03,28,삼상,3-6
03,29,삼상,7-9
03,30,삼상,10-12
03,31,삼상,13-14
04,01,삼상,15-16
04,02,삼상,17-18
04,03,삼상,19-20
04,04,삼상,21-23
04,05,삼상,24-25
04,06,삼상,26-28
04,07,삼상,29-31
04,08,삼하,1-3
04,09,삼하,4-7
04,10,삼하,8-11
04,11,삼하,12-13
04,12,삼하,14-15
04,13,삼하,16-18
04,14,삼하,19-21
04,15,삼하,22-24
04,16,왕상,1-3
04,17,왕상,4-6
04,18,왕상,7-9
04,19,왕상,10-12
04,20,왕상,13-14
04,21,왕상,15-17
04,22,왕상,18-20
04,23,왕상,21-22
04,24,왕하,1-2
04,25,왕하,3-4
04,26,왕하,5-6
04,27,왕하,7-8
04,28,왕하,9-10
04,29,왕하,11-12
04,30,왕하,13-15
04,31,없음,없음
05,01,왕하,16-18
05,02,왕하,19-22
05,03,왕하,23-25
05,04,대상,1-3
05,05,대상,4-6
05,06,대상,7-10
05,07,대상,11-13
05,08,대상,14-17
05,09,대상,18-21
05,10,대상,22-24
05,11,대상,25-27
05,12,대상,28-29
05,13,대하,1-4
05,14,대하,5-8
05,15,대하,9-12
05,16,대하,13-16
05,17,대하,17-20
05,18,대하,21-24
05,19,대하,25-28
05,20,대하,29-32
05,21,대하,33-36
05,22,스,1-3
05,23,스,4-6
05,24,스,7-10
05,25,스,1-4
05,26,스,5-8
05,27,스,9-13
05,28,에,1-3
05,29,에,4-6
05,30,에,7-10
05,31,욥,1-6
06,01,욥,7-12
06,02,욥,13-18
06,03,욥,19-24
06,04,욥,25-30
06,05,욥,31-35
06,06,욥,36-39
06,07,욥,40-42
06,08,시,1-7
06,09,시,8-14
06,10,시,15-21
06,11,시,22-28
06,12,시,29-35
06,13,시,36-42
06,14,시,43-49
06,15,시,50-56
06,16,시,57-63
06,17,시,64-70
06,18,시,71-77
06,19,시,78-84
06,20,시,85-91
06,21,시,92-98
06,22,시,99-105
06,23,시,106-112
06,24,시,113-118
06,25,시,119
06,26,시,120-124
06,27,시,125-129
06,28,시,130-134
06,29,시,135-139
06,30,시,140-144
06,31,없음,없음
07,01,시,145-150
07,02,잠,1-4
07,03,잠,5-9
07,04,잠,10-14
07,05,잠,15-19
07,06,잠,20-24
07,07,잠,25-31
07,08,전,1-6
07,09,전,7-12
07,10,아,1-4
07,11,아,5-8
07,12,사,1-3
07,13,사,4-6
07,14,사,7-9
07,15,사,10-13
07,16,사,14-16
07,17,사,17-19
07,18,사,20-22
07,19,사,23-25
07,20,사,26-28
07,21,사,29-31
07,22,사,32-35
07,23,사,36-38
07,24,사,39-41
07,25,사,42-44
07,26,사,45-47
07,27,사,48-50
07,28,사,51-53
07,29,사,54-57
07,30,사,58-61
07,31,사,62-66
08,01,렘,1-3
08,02,렘,4-6
08,03,렘,7-9
08,04,렘,10-12
08,05,렘,13-15
08,06,렘,16-18
08,07,렘,19-21
08,08,렘,22-24
08,09,렘,25-27
08,10,렘,28-30
08,11,렘,31-33
08,12,렘,34-36
08,13,렘,37-39
08,14,렘,40-42
08,15,렘,43-45
08,16,렘,46-48
08,17,렘,49-50
08,18,렘,51-52
08,19,애,1-2
08,20,애,3-5
08,21,겔,1-3
08,22,겔,4-6
08,23,겔,7-8
08,24,겔,9-10
08,25,겔,11-12
08,26,겔,13-14
08,27,겔,15-16
08,28,겔,17-18
08,29,겔,19-21
08,30,겔,22-24
08,31,겔,25-27
09,01,겔,28-30
09,02,겔,31-33
09,03,겔,34-36
09,04,겔,37-39
09,05,겔,40-41
09,06,겔,42-43
09,07,겔,44-45
09,08,겔,46-48
09,09,단,1-3
09,10,단,4-6
09,11,단,7-9
09,12,단,1-12
09,13,호,1-4
09,14,호,5-8
09,15,호,9-14
09,16,욜,1-3
09,17,암,1-5
09,18,암,6-9
09,19,"옵,욘",전체
09,20,미,1-4
09,21,미,5-7
09,22,나,1-3
09,23,합,1-3
09,24,습,1-3
09,25,학,1-2
09,26,슥,1-4
09,27,슥,5-8
09,28,슥,9-11
09,29,슥,12-14
09,30,말,1-4
09,31,없음,없음
10,01,마,1-2
10,02,마,3-4
10,03,마,5-6
10,04,마,7-8
10,05,마,9-10
10,06,마,11-12
10,07,마,13
10,08,마,14-15
10,09,마,16-17
10,10,마,18-19
10,11,마,20-21
10,12,마,22-23
10,13,마,24-25
10,14,마,26
10,15,마,27-28
10,16,막,1-2
10,17,막,3-4
10,18,막,5-6
10,19,막,7-8
10,20,막,9
10,21,막,10
10,22,막,11-12
10,23,막,13-14
10,24,막,15-16
10,25,눅,1
10,26,눅,2-3
10,27,눅,4-5
10,28,눅,6-7
10,29,눅,8-9
10,30,눅,10-11
10,31,눅,12-13
11,01,눅,14-15
11,02,눅,16-17
11,03,눅,18-19
11,04,눅,20-21
11,05,눅,22-23
11,06,눅,24
11,07,요,1-2
11,08,요,3-4
11,09,요,5
11,10,요,6
11,11,요,7
11,12,요,8
11,13,요,9-10
11,14,요,11
11,15,요,12-14
11,16,요,15-18
11,17,요,19-21
11,18,행,1-4
11,19,행,5-8
11,20,행,9-12
11,21,행,13-16
11,22,행,17-20
11,23,행,21-24
11,24,행,25-28
11,25,롬,1-2
11,26,롬,3-4
11,27,롬,5-8
11,28,롬,9-12
11,29,롬,13-16
11,30,고전,1-4
11,31,없음,없음
12,01,고전,5-8
12,02,고전,9-12
12,03,고전,13-16
12,04,고후,1-4
12,05,고후,5-8
12,06,고후,9-13
12,07,갈,1-6
12,08,엡,1-6
12,09,빌,1-4
12,10,골,1-4
12,11,살전,1-5
12,12,살후,1-3
12,13,딤전,1-3
12,14,딤전,4-6
12,15,딤후,1-4
12,16,"딛,몬",전체
12,17,히,1-4
12,18,히,5-8
12,19,히,9-13
12,20,약,1-5
12,21,벧전,1-5
12,22,벧후,1-3
12,23,요일,1-3
12,24,요일,4-5
12,25,"요이,요삼,유",전체
12,26,계,1-4
12,27,계,5-8
12,28,계,9-12
12,29,계,13-15
12,30,계,16-19
12,31,계,20-22
